{"cameraMode":{"drawMode":0,"name":"Shaded","section":"Shading Mode"},"sceneLighting":true,"audioPlay":false,"sceneViewState":{"showFog":true,"showMaterialUpdate":false,"showSkybox":true,"showFlares":true,"showImageEffects":true,"showParticleSystems":true},"in2DMode":false,"pivot":{"x":47.572998046875,"y":0.6000000238418579,"z":56.06399917602539},"rotation":{"x":-0.05619484931230545,"y":-0.4819847643375397,"z":-0.03094143606722355,"w":0.8739032745361328},"size":0.5372006297111511,"orthographic":false}