{"cameraMode":{"drawMode":0,"name":"Shaded","section":"Shading Mode"},"sceneLighting":true,"audioPlay":false,"sceneViewState":{"showFog":true,"showMaterialUpdate":false,"showSkybox":true,"showFlares":true,"showImageEffects":true,"showParticleSystems":true},"in2DMode":false,"pivot":{"x":40.90999984741211,"y":0.48264122009277346,"z":51.98115539550781},"rotation":{"x":0.06292977184057236,"y":-0.9361804723739624,"z":0.22197981178760529,"w":0.26544052362442019},"size":1.223477840423584,"orthographic":false}